<?xml version="1.0" encoding="utf-8"?>
<level>

  <types>
    <decor id="s001" image="sidewalk1.png"/>
    <decor id="s002" image="sidewalk2.png"/>
    <decor id="r001" image="space1.png"/>
    <decor id="grass" image="spaceroad1.png"/>
    <car id="ohio" name="Ohio" image1="invaderOSa.png" image2="invaderOSb.png"/>
    <car id="iowa" name="Iowa" image1="invaderIa.png" image2="invaderIb.png"/>
    <car id="nebraska" name="Nebraska" image1="invaderNa.png" image2="invaderNb.png"/>
    <car id="wisc" name="Wisconsin" image1="invaderWa.png" image2="invaderWb.png"/>
    <boat id="b2" image="green-raft.png"/>
    <boat id="b4c" image="green-canoe.png"/>
    <boat id="b3c" image="yellow-boat.png"/>
    <boat id="b3b" image="red-boat.png"/>
    <boat id="b3r" image="red-raft.png"/>
    <space-ship id="left-spaceship" image="left_spaceship3.png" warn-image="left_spaceship3-warning.png" disabled-image="left_spaceship3-fallen.png"/>
    <space-ship id="right-spaceship" image="spaceship3.png" warn-image="spaceship3-warning.png" disabled-image="spaceship3-fallen.png"/>
    <space-ship id="wide-spaceship" image="spaceship2.png" warn-image="spaceship2-warning.png" disabled-image="spaceship2-fallen.png"/>

  </types>
  <background>
    <decor id="s001" x="0" y="0" repeat-x="16" repeat-y="2"/>
    <decor id = "grass" x="0" y="2" repeat-x="16" repeat-y="1"/>
    <decor id="s001" x="0" y="3" repeat-x="16" repeat-y="1"/>
    <decor id="r001" x="0" y="4" repeat-x="16" repeat-y="3"/>
    <rect color="125,255,252" x="0.15" y="8" height="0.0625" width="0.8" repeat-x="16" />
    <decor id="s001" x="0" y="7" repeat-x="16" repeat-y="2"/>
    <decor id="r001" x="0" y="9" repeat-x="16" repeat-y="3"/>
    <decor id="s001" x="0" y="12" repeat-x="16" repeat-y="1"/>
    <decor id = "grass" x="0" y="13" repeat-x="16" repeat-y="1"/>
    <decor id="s001" x="0" y="14" repeat-x="16" repeat-y="2"/>
  </background>
  <hero image="sparty.png" name="Sparty" hit-image="sparty-hit.png" mask="sparty-helmet2.png" boundaries="bottom-half"/>
  <hero image="OwenSailor.png" name="Dr. Owen" hit-image="owen-glasses.png" mask="sparty-helmet2.png" boundaries="top-half"/>
  <cargo id="grain" x="10.5" name="Grain" image="grain.png" carried-image="grain-carried.png"/>
  <cargo id="goose" x="7.5" name="Goose" image="space-goose.png" carried-image="space-goose-carried.png" eats="grain"/>
  <cargo id="Impostor" x="4.5" name="Impostor" image="impostor.png" carried-image="impostor-carried.png" eats="goose"/>
  <space y="4" speed="6" width="20">
    <space-ship id="right-spaceship" x="5"/>
  </space>
  <space y="5" speed="-5" width="20">
    <space-ship id="wide-spaceship" x="15"/>
  </space>
  <space y="6" speed="3" width="20">
    <space-ship id="right-spaceship" x="10"/>
  </space>
  <space y="9" speed="1.5" width="20">
    <space-ship id="right-spaceship" x="1"/>
  </space>
  <space y="10" speed="1.5" width="20">
    <space-ship id="right-spaceship" x="1"/>
  </space>
  <space y="11" speed="-3" width="20">
    <space-ship id="wide-spaceship" x="1"/>
  </space>

  <road y="2" speed="-22" width="18">
    <car id="ohio" x="6" swap-time="0.3"/>
    <car id="wisc" x="24" swap-time="0.3"/>
  </road>
  <road y="13" speed="22" width="18">
    <car id="iowa" x="12" swap-time="0.3"/>
    <car id="nebraska" x="30" swap-time="0.3"/>
  </road>


</level>
